Workbook

Sheet ASCE-7-22 ASD-LRFD Comparision
A2: ASCE-7-22 Load Combination Comparision
B4: Used DL | C4: 10 | D4: PSF | F4: Ground Snow Loads | G4: 58 | H4: 20 | I4: 25 | J4: 30 | K4: 36 | L4: 40 | M4: 48 | N4: 50 | O4: 55 | P4: 60 | Q4: 65 | R4: 70 | S4: 75 | T4: 80 | U4: 85
B5: Roofing R Value | C5: 20 | F5: Design DL | G5: =$C$4 -> 10 | H5: =$C$4 -> 10 | I5: =$C$4 -> 10 | J5: =$C$4 -> 10 | K5: =$C$4 -> 10 | L5: =$C$4 -> 10 | M5: =$C$4 -> 10 | N5: =$C$4 -> 10 | ... U5: =$C$4 -> 10
F6: Roof Snow Load | G6: ='ASCE-7-22 Snow Load Calculation'!D27 -> 41.628533 | H6: ='ASCE-7-22 Snow Load Calculation'!E27 -> 16.426667 | I6: ='ASCE-7-22 Snow Load Calculation'!F27 -> 20.066667 | J6: ='ASCE-7-22 Snow Load Calculation'!G27 -> 23.52 | K6: ='ASCE-7-22 Snow Load Calculation'!H27 -> 27.6192 | L6: ='ASCE-7-22 Snow Load Calculation'!I27 -> 30.24 | M6: ='ASCE-7-22 Snow Load Calculation'!J27 -> 35.3472 | N6: ='ASCE-7-22 Snow Load Calculation'!K27 -> 36.633333 | ... U6: ='ASCE-7-22 Snow Load Calculation'!R27 -> 59.5
F7: Minimum Snow Load | G7: =IF(G4<=30,G4*0.7+8,G6) -> 41.628533 | H7: =IF(H4<=30,H4*0.7+8,H6) -> 22 | I7: =IF(I4<=30,I4*0.7+8,I6) -> 25.5 | J7: =IF(J4<=30,J4*0.7+8,J6) -> 29 | K7: =IF(K4<=30,K4*0.7+8,K6) -> 27.6192 | L7: =IF(L4<=30,L4*0.7+8,L6) -> 30.24 | M7: =IF(M4<=30,M4*0.7+8,M6) -> 35.3472 | N7: =IF(N4<=30,N4*0.7+8,N6) -> 36.633333 | ... U7: =IF(U4<=30,U4*0.7+8,U6) -> 59.5
F8: Wind Load | G8: 16 | H8: 16 | I8: 16 | J8: 16 | K8: 16 | L8: 16 | M8: 16 | N8: 16 | O8: 16 | P8: 16 | Q8: 16 | R8: 16 | S8: 16 | T8: 16 | U8: 16
E11: ASD | F11: D | G11: =G5 -> 10 | H11: =H5 -> 10 | I11: =I5 -> 10 | J11: =J5 -> 10 | K11: =K5 -> 10 | L11: =L5 -> 10 | M11: =M5 -> 10 | N11: =N5 -> 10 | ... U11: =U5 -> 10
F12: D+0.7S | G12: =G5+0.7*MAX(G6,G7) -> 39.139973 | H12: =H5+0.7*MAX(H6,H7) -> 25.4 | I12: =I5+0.7*MAX(I6,I7) -> 27.85 | J12: =J5+0.7*MAX(J6,J7) -> 30.3 | K12: =K5+0.7*MAX(K6,K7) -> 29.33344 | L12: =L5+0.7*MAX(L6,L7) -> 31.168 | M12: =M5+0.7*MAX(M6,M7) -> 34.74304 | N12: =N5+0.7*MAX(N6,N7) -> 35.643333 | ... U12: =U5+0.7*MAX(U6,U7) -> 51.65
F13: D+0.75(0.6W)+0.75(0.7S) | G13: =G5+0.75*(0.6*G8)+0.75*0.7*G6 -> 39.05498 | H13: =H5+0.75*(0.6*H8)+0.75*0.7*H6 -> 25.824 | I13: =I5+0.75*(0.6*I8)+0.75*0.7*I6 -> 27.735 | J13: =J5+0.75*(0.6*J8)+0.75*0.7*J6 -> 29.548 | K13: =K5+0.75*(0.6*K8)+0.75*0.7*K6 -> 31.70008 | L13: =L5+0.75*(0.6*L8)+0.75*0.7*L6 -> 33.076 | M13: =M5+0.75*(0.6*M8)+0.75*0.7*M6 -> 35.75728 | N13: =N5+0.75*(0.6*N8)+0.75*0.7*N6 -> 36.4325 | ... U13: =U5+0.75*(0.6*U8)+0.75*0.7*U6 -> 48.4375
F14: Delta | G14: =G12-G13 -> 0.084993333 | H14: =H12-H13 -> -0.424 | I14: =I12-I13 -> 0.115 | J14: =J12-J13 -> 0.752 | K14: =K12-K13 -> -2.36664 | L14: =L12-L13 -> -1.908 | M14: =M12-M13 -> -1.01424 | N14: =N12-N13 -> -0.78916667 | ... U14: =U12-U13 -> 3.2125
E17: LRFD | F17: 1.4D | G17: =G5*1.4 -> 14 | H17: =H5*1.4 -> 14 | I17: =I5*1.4 -> 14 | J17: =J5*1.4 -> 14 | K17: =K5*1.4 -> 14 | L17: =L5*1.4 -> 14 | M17: =M5*1.4 -> 14 | N17: =N5*1.4 -> 14 | ... U17: =U5*1.4 -> 14
F18: 1.2D+S+0.5W | G18: =1.2*G5+MAX(G6,G7)+0.5*G8 -> 61.628533 | H18: =1.2*H5+MAX(H6,H7)+0.5*H8 -> 42 | I18: =1.2*I5+MAX(I6,I7)+0.5*I8 -> 45.5 | J18: =1.2*J5+MAX(J6,J7)+0.5*J8 -> 49 | K18: =1.2*K5+MAX(K6,K7)+0.5*K8 -> 47.6192 | L18: =1.2*L5+MAX(L6,L7)+0.5*L8 -> 50.24 | M18: =1.2*M5+MAX(M6,M7)+0.5*M8 -> 55.3472 | N18: =1.2*N5+MAX(N6,N7)+0.5*N8 -> 56.633333 | ... U18: =1.2*U5+MAX(U6,U7)+0.5*U8 -> 79.5
F19: 1.2D+W+0.3(S) | G19: =1.2*G5+G8+0.3*G6 -> 40.48856 | H19: =1.2*H5+H8+0.3*H6 -> 32.928 | I19: =1.2*I5+I8+0.3*I6 -> 34.02 | J19: =1.2*J5+J8+0.3*J6 -> 35.056 | K19: =1.2*K5+K8+0.3*K6 -> 36.28576 | L19: =1.2*L5+L8+0.3*L6 -> 37.072 | M19: =1.2*M5+M8+0.3*M6 -> 38.60416 | N19: =1.2*N5+N8+0.3*N6 -> 38.99 | ... U19: =1.2*U5+U8+0.3*U6 -> 45.85
F20: Delta | G20: =G18-G19 -> 21.139973 | H20: =H18-H19 -> 9.072 | I20: =I18-I19 -> 11.48 | J20: =J18-J19 -> 13.944 | K20: =K18-K19 -> 11.33344 | L20: =L18-L19 -> 13.168 | M20: =M18-M19 -> 16.74304 | N20: =N18-N19 -> 17.643333 | ... U20: =U18-U19 -> 33.65

Sheet ASCE-7-22 Snow Load Calculation
D5: Ground Snow Load
D6: 15 | E6: 30 | F6: 45 | G6: 60 | H6: 75 | I6: 90 | J6: 105
B7: Roof R Value | C7: 20 | D7: 1.2 | E7: 1.12 | F7: 1.06 | G7: 1.02 | H7: 1 | I7: 1 | J7: 1
C8: 30 | D8: 1.2 | E8: 1.17 | F8: 1.15 | G8: 1.13 | H8: 1.12 | I8: 1.11 | J8: 1.1
C9: 40 | D9: 1.2 | E9: 1.19 | F9: 1.17 | G9: 1.16 | H9: 1.16 | I9: 1.15 | J9: 1.15
C10: 50 | D10: 1.2 | E10: 1.2 | F10: 1.19 | G10: 1.19 | H10: 1.19 | I10: 1.18 | J10: 1.18
B12: Ground Snow | D12: ='ASCE-7-22 ASD-LRFD Comparision'!G4 -> 58 | E12: ='ASCE-7-22 ASD-LRFD Comparision'!H4 -> 20 | F12: ='ASCE-7-22 ASD-LRFD Comparision'!I4 -> 25 | G12: ='ASCE-7-22 ASD-LRFD Comparision'!J4 -> 30 | H12: ='ASCE-7-22 ASD-LRFD Comparision'!K4 -> 36 | I12: ='ASCE-7-22 ASD-LRFD Comparision'!L4 -> 40 | J12: ='ASCE-7-22 ASD-LRFD Comparision'!M4 -> 48 | K12: ='ASCE-7-22 ASD-LRFD Comparision'!N4 -> 50 | ... R12: ='ASCE-7-22 ASD-LRFD Comparision'!U4 -> 85
D13: ='ASCE-7-22 ASD-LRFD Comparision'!$C$5 -> 20 | E13: ='ASCE-7-22 ASD-LRFD Comparision'!$C$5 -> 20 | F13: ='ASCE-7-22 ASD-LRFD Comparision'!$C$5 -> 20 | G13: ='ASCE-7-22 ASD-LRFD Comparision'!$C$5 -> 20 | H13: ='ASCE-7-22 ASD-LRFD Comparision'!$C$5 -> 20 | I13: ='ASCE-7-22 ASD-LRFD Comparision'!$C$5 -> 20 | J13: ='ASCE-7-22 ASD-LRFD Comparision'!$C$5 -> 20 | K13: ='ASCE-7-22 ASD-LRFD Comparision'!$C$5 -> 20 | ... R13: ='ASCE-7-22 ASD-LRFD Comparision'!$C$5 -> 20
B15: Interpolated Value (Ct) | D15: =(D21*(D18-D12)*(D20-D13)+D22*(D12-D17)*(D20-D13)+D23*(D18-D12)*(D13-D19)+D24*(D12-D17)*(D13-D19))/((D18-D17)*(D20-D19)) -> 1.0253333 | E15: =(E21*(E18-E12)*(E20-E13)+E22*(E12-E17)*(E20-E13)+E23*(E18-E12)*(E13-E19)+E24*(E12-E17)*(E13-E19))/((E18-E17)*(E20-E19)) -> 1.1733333 | F15: =(F21*(F18-F12)*(F20-F13)+F22*(F12-F17)*(F20-F13)+F23*(F18-F12)*(F13-F19)+F24*(F12-F17)*(F13-F19))/((F18-F17)*(F20-F19)) -> 1.1466667 | G15: =(G21*(G18-G12)*(G20-G13)+G22*(G12-G17)*(G20-G13)+G23*(G18-G12)*(G13-G19)+G24*(G12-G17)*(G13-G19))/((G18-G17)*(G20-G19)) -> 1.12 | H15: =(H21*(H18-H12)*(H20-H13)+H22*(H12-H17)*(H20-H13)+H23*(H18-H12)*(H13-H19)+H24*(H12-H17)*(H13-H19))/((H18-H17)*(H20-H19)) -> 1.096 | I15: =(I21*(I18-I12)*(I20-I13)+I22*(I12-I17)*(I20-I13)+I23*(I18-I12)*(I13-I19)+I24*(I12-I17)*(I13-I19))/((I18-I17)*(I20-I19)) -> 1.08 | J15: =(J21*(J18-J12)*(J20-J13)+J22*(J12-J17)*(J20-J13)+J23*(J18-J12)*(J13-J19)+J24*(J12-J17)*(J13-J19))/((J18-J17)*(J20-J19)) -> 1.052 | K15: =(K21*(K18-K12)*(K20-K13)+K22*(K12-K17)*(K20-K13)+K23*(K18-K12)*(K13-K19)+K24*(K12-K17)*(K13-K19))/((K18-K17)*(K20-K19)) -> 1.0466667 | ... R15: =(R21*(R18-R12)*(R20-R13)+R22*(R12-R17)*(R20-R13)+R23*(R18-R12)*(R13-R19)+R24*(R12-R17)*(R13-R19))/((R18-R17)*(R20-R19)) -> 1
B17: X1 | D17: =INDEX($D$6:$J$6, MATCH(D12, $D$6:$J$6, 1)) -> 45 | E17: =INDEX($D$6:$J$6, MATCH(E12, $D$6:$J$6, 1)) -> 15 | F17: =INDEX($D$6:$J$6, MATCH(F12, $D$6:$J$6, 1)) -> 15 | G17: =INDEX($D$6:$J$6, MATCH(G12, $D$6:$J$6, 1)) -> 30 | H17: =INDEX($D$6:$J$6, MATCH(H12, $D$6:$J$6, 1)) -> 30 | I17: =INDEX($D$6:$J$6, MATCH(I12, $D$6:$J$6, 1)) -> 30 | J17: =INDEX($D$6:$J$6, MATCH(J12, $D$6:$J$6, 1)) -> 45 | K17: =INDEX($D$6:$J$6, MATCH(K12, $D$6:$J$6, 1)) -> 45 | ... R17: =INDEX($D$6:$J$6, MATCH(R12, $D$6:$J$6, 1)) -> 75
B18: X2 | D18: =INDEX($D$6:$J$6, MATCH(D12, $D$6:$J$6, 1)+1) -> 60 | E18: =INDEX($D$6:$J$6, MATCH(E12, $D$6:$J$6, 1)+1) -> 30 | F18: =INDEX($D$6:$J$6, MATCH(F12, $D$6:$J$6, 1)+1) -> 30 | G18: =INDEX($D$6:$J$6, MATCH(G12, $D$6:$J$6, 1)+1) -> 45 | H18: =INDEX($D$6:$J$6, MATCH(H12, $D$6:$J$6, 1)+1) -> 45 | I18: =INDEX($D$6:$J$6, MATCH(I12, $D$6:$J$6, 1)+1) -> 45 | J18: =INDEX($D$6:$J$6, MATCH(J12, $D$6:$J$6, 1)+1) -> 60 | K18: =INDEX($D$6:$J$6, MATCH(K12, $D$6:$J$6, 1)+1) -> 60 | ... R18: =INDEX($D$6:$J$6, MATCH(R12, $D$6:$J$6, 1)+1) -> 90
B19: Y1 | D19: =INDEX($C$7:$C$10, MATCH(D13, $C$7:$C$10, 1)) -> 20 | E19: =INDEX($C$7:$C$10, MATCH(E13, $C$7:$C$10, 1)) -> 20 | F19: =INDEX($C$7:$C$10, MATCH(F13, $C$7:$C$10, 1)) -> 20 | G19: =INDEX($C$7:$C$10, MATCH(G13, $C$7:$C$10, 1)) -> 20 | H19: =INDEX($C$7:$C$10, MATCH(H13, $C$7:$C$10, 1)) -> 20 | I19: =INDEX($C$7:$C$10, MATCH(I13, $C$7:$C$10, 1)) -> 20 | J19: =INDEX($C$7:$C$10, MATCH(J13, $C$7:$C$10, 1)) -> 20 | K19: =INDEX($C$7:$C$10, MATCH(K13, $C$7:$C$10, 1)) -> 20 | ... R19: =INDEX($C$7:$C$10, MATCH(R13, $C$7:$C$10, 1)) -> 20
B20: Y2 | D20: =INDEX($C$7:$C$10, MATCH(D13, $C$7:$C$10, 1)+1) -> 30 | E20: =INDEX($C$7:$C$10, MATCH(E13, $C$7:$C$10, 1)+1) -> 30 | F20: =INDEX($C$7:$C$10, MATCH(F13, $C$7:$C$10, 1)+1) -> 30 | G20: =INDEX($C$7:$C$10, MATCH(G13, $C$7:$C$10, 1)+1) -> 30 | H20: =INDEX($C$7:$C$10, MATCH(H13, $C$7:$C$10, 1)+1) -> 30 | I20: =INDEX($C$7:$C$10, MATCH(I13, $C$7:$C$10, 1)+1) -> 30 | J20: =INDEX($C$7:$C$10, MATCH(J13, $C$7:$C$10, 1)+1) -> 30 | K20: =INDEX($C$7:$C$10, MATCH(K13, $C$7:$C$10, 1)+1) -> 30 | ... R20: =INDEX($C$7:$C$10, MATCH(R13, $C$7:$C$10, 1)+1) -> 30
B21: Q11 | D21: =INDEX($D$7:$J$10, MATCH(D13, $C$7:$C$10, 1), MATCH(D12, $D$6:$J$6, 1)) -> 1.06 | E21: =INDEX($D$7:$J$10, MATCH(E13, $C$7:$C$10, 1), MATCH(E12, $D$6:$J$6, 1)) -> 1.2 | F21: =INDEX($D$7:$J$10, MATCH(F13, $C$7:$C$10, 1), MATCH(F12, $D$6:$J$6, 1)) -> 1.2 | G21: =INDEX($D$7:$J$10, MATCH(G13, $C$7:$C$10, 1), MATCH(G12, $D$6:$J$6, 1)) -> 1.12 | H21: =INDEX($D$7:$J$10, MATCH(H13, $C$7:$C$10, 1), MATCH(H12, $D$6:$J$6, 1)) -> 1.12 | I21: =INDEX($D$7:$J$10, MATCH(I13, $C$7:$C$10, 1), MATCH(I12, $D$6:$J$6, 1)) -> 1.12 | J21: =INDEX($D$7:$J$10, MATCH(J13, $C$7:$C$10, 1), MATCH(J12, $D$6:$J$6, 1)) -> 1.06 | K21: =INDEX($D$7:$J$10, MATCH(K13, $C$7:$C$10, 1), MATCH(K12, $D$6:$J$6, 1)) -> 1.06 | ... R21: =INDEX($D$7:$J$10, MATCH(R13, $C$7:$C$10, 1), MATCH(R12, $D$6:$J$6, 1)) -> 1
B22: Q21 | D22: =INDEX($D$7:$J$10, MATCH(D13, $C$7:$C$10, 1), MATCH(D12, $D$6:$J$6, 1)+1) -> 1.02 | E22: =INDEX($D$7:$J$10, MATCH(E13, $C$7:$C$10, 1), MATCH(E12, $D$6:$J$6, 1)+1) -> 1.12 | F22: =INDEX($D$7:$J$10, MATCH(F13, $C$7:$C$10, 1), MATCH(F12, $D$6:$J$6, 1)+1) -> 1.12 | G22: =INDEX($D$7:$J$10, MATCH(G13, $C$7:$C$10, 1), MATCH(G12, $D$6:$J$6, 1)+1) -> 1.06 | H22: =INDEX($D$7:$J$10, MATCH(H13, $C$7:$C$10, 1), MATCH(H12, $D$6:$J$6, 1)+1) -> 1.06 | I22: =INDEX($D$7:$J$10, MATCH(I13, $C$7:$C$10, 1), MATCH(I12, $D$6:$J$6, 1)+1) -> 1.06 | J22: =INDEX($D$7:$J$10, MATCH(J13, $C$7:$C$10, 1), MATCH(J12, $D$6:$J$6, 1)+1) -> 1.02 | K22: =INDEX($D$7:$J$10, MATCH(K13, $C$7:$C$10, 1), MATCH(K12, $D$6:$J$6, 1)+1) -> 1.02 | ... R22: =INDEX($D$7:$J$10, MATCH(R13, $C$7:$C$10, 1), MATCH(R12, $D$6:$J$6, 1)+1) -> 1
B23: Q12 | D23: =INDEX($D$7:$J$10, MATCH(D13, $C$7:$C$10, 1)+1, MATCH(D12, $D$6:$J$6, 1)) -> 1.15 | E23: =INDEX($D$7:$J$10, MATCH(E13, $C$7:$C$10, 1)+1, MATCH(E12, $D$6:$J$6, 1)) -> 1.2 | F23: =INDEX($D$7:$J$10, MATCH(F13, $C$7:$C$10, 1)+1, MATCH(F12, $D$6:$J$6, 1)) -> 1.2 | G23: =INDEX($D$7:$J$10, MATCH(G13, $C$7:$C$10, 1)+1, MATCH(G12, $D$6:$J$6, 1)) -> 1.17 | H23: =INDEX($D$7:$J$10, MATCH(H13, $C$7:$C$10, 1)+1, MATCH(H12, $D$6:$J$6, 1)) -> 1.17 | I23: =INDEX($D$7:$J$10, MATCH(I13, $C$7:$C$10, 1)+1, MATCH(I12, $D$6:$J$6, 1)) -> 1.17 | J23: =INDEX($D$7:$J$10, MATCH(J13, $C$7:$C$10, 1)+1, MATCH(J12, $D$6:$J$6, 1)) -> 1.15 | K23: =INDEX($D$7:$J$10, MATCH(K13, $C$7:$C$10, 1)+1, MATCH(K12, $D$6:$J$6, 1)) -> 1.15 | ... R23: =INDEX($D$7:$J$10, MATCH(R13, $C$7:$C$10, 1)+1, MATCH(R12, $D$6:$J$6, 1)) -> 1.12
B24: Q22 | D24: =INDEX($D$7:$J$10, MATCH(D13, $C$7:$C$10, 1)+1, MATCH(D12, $D$6:$J$6, 1)+1) -> 1.13 | E24: =INDEX($D$7:$J$10, MATCH(E13, $C$7:$C$10, 1)+1, MATCH(E12, $D$6:$J$6, 1)+1) -> 1.17 | F24: =INDEX($D$7:$J$10, MATCH(F13, $C$7:$C$10, 1)+1, MATCH(F12, $D$6:$J$6, 1)+1) -> 1.17 | G24: =INDEX($D$7:$J$10, MATCH(G13, $C$7:$C$10, 1)+1, MATCH(G12, $D$6:$J$6, 1)+1) -> 1.15 | H24: =INDEX($D$7:$J$10, MATCH(H13, $C$7:$C$10, 1)+1, MATCH(H12, $D$6:$J$6, 1)+1) -> 1.15 | I24: =INDEX($D$7:$J$10, MATCH(I13, $C$7:$C$10, 1)+1, MATCH(I12, $D$6:$J$6, 1)+1) -> 1.15 | J24: =INDEX($D$7:$J$10, MATCH(J13, $C$7:$C$10, 1)+1, MATCH(J12, $D$6:$J$6, 1)+1) -> 1.13 | K24: =INDEX($D$7:$J$10, MATCH(K13, $C$7:$C$10, 1)+1, MATCH(K12, $D$6:$J$6, 1)+1) -> 1.13 | ... R24: =INDEX($D$7:$J$10, MATCH(R13, $C$7:$C$10, 1)+1, MATCH(R12, $D$6:$J$6, 1)+1) -> 1.11
B27: Flat Snow Load | D27: =0.7*D12*1*D15 -> 41.628533 | E27: =0.7*E12*1*E15 -> 16.426667 | F27: =0.7*F12*1*F15 -> 20.066667 | G27: =0.7*G12*1*G15 -> 23.52 | H27: =0.7*H12*1*H15 -> 27.6192 | I27: =0.7*I12*1*I15 -> 30.24 | J27: =0.7*J12*1*J15 -> 35.3472 | K27: =0.7*K12*1*K15 -> 36.633333 | ... R27: =0.7*R12*1*R15 -> 59.5
